Annual Distance (miles/vehicle),2020.0
LDVs,11341.05072511
HDVs,20630.936679628
aircraft,1255339.88499899
rail,0.0
ships,207.433734915
motorbikes,2235.426063796
