Annual Distance (miles/vehicle),2020.0
LDVs,10261.572893775
HDVs,40989.546982509
aircraft,874872.428058146
rail,22675.146774411
ships,0.0
motorbikes,0.0
