Annual Distance (miles/vehicle),2020.0
LDVs,11370.092666769
HDVs,20443.297562141
aircraft,900126.415457092
rail,0.0
ships,207.780517837
motorbikes,2241.673318722
