Annual Distance (miles/vehicle),2020.0
LDVs,11429.957501608
HDVs,11516.178144063
aircraft,1013680.012887699
rail,0.0
ships,195.315049354
motorbikes,1943.082707487
