Annual Distance (miles/vehicle),2020.0
LDVs,10234.910588496
HDVs,41365.865740935
aircraft,1220119.790983367
rail,22883.619455864
ships,0.0
motorbikes,0.0
