Annual Distance (miles/vehicle),2020.0
LDVs,9972.14208169
HDVs,42313.585197846
aircraft,791545.156931374
rail,22575.319751007
ships,0.0
motorbikes,0.0
