Unit: dimensionless (ratio of electricity demand in this hour to annual demand),Hour0,Hour1,Hour2,Hour3,Hour4,Hour5,Hour6,Hour7,Hour8,Hour9,Hour10,Hour11,Hour12,Hour13,Hour14,Hour15,Hour16,Hour17,Hour18,Hour19,Hour20,Hour21,Hour22,Hour23
Winter,0.0,0.0,0.0,0.0,0.0,0.0008653657719124862,0.0025960973157374586,0.0025960973157374586,0.0017307315438249724,0.0017307315438249724,0.0017307315438249724,0.0017307315438249724,0.0017307315438249724,0.0017307315438249724,0.0017307315438249724,0.0017307315438249724,0.008653657719124864,0.01471121812251227,0.01471121812251227,0.010384389262949836,0.0034614630876499447,0.0,0.0,0.0
Spring,0.033856360378926614,0.033856360378926614,0.033856360378926614,0.033856360378926614,0.03611576247965376,0.03611576247965376,0.04138770071468375,0.04364517664141197,0.045904578742139115,0.049670248910017686,0.05531779107483607,0.05531779107483607,0.05644652903820019,0.059081535068715725,0.059081535068715725,0.059227924292633245,0.06886457280920431,0.07816799322396313,0.08115741527027899,0.07399975269031135,0.06464239940358293,0.05343399290389733,0.045527048638351796,0.03573823237586644
Summer,0.09235233855197224,0.09159920451839655,0.09084607048482081,0.09084607048482081,0.09084607048482081,0.09084607048482081,0.09461174065269941,0.0983754846465791,0.10515369094876056,0.11795696951954768,0.14132338630038388,0.16645032611622834,0.189606789931183,0.2107927777452477,0.22996976607844408,0.25139459946837417,0.2730178287801926,0.2751308416570022,0.2679905146430248,0.20319594749352748,0.15432120844506136,0.1194767208046915,0.09860855170044779,0.09310547258554797
Fall,0.017023588955655467,0.017023588955655467,0.017023588955655467,0.017023588955655467,0.017023588955655467,0.017023588955655467,0.017023588955655467,0.017023588955655467,0.017023588955655467,0.018159463235802448,0.0204312117960964,0.02156708607624338,0.022702960356390356,0.022848212821882298,0.02495437357151544,0.038677826511193995,0.05977138954993362,0.06118614856382513,0.05239837440156271,0.039871801777537755,0.018728852900530855,0.015321230060089923,0.015321230060089923,0.015321230060089923
Summer Peak,0.0,0.0,0.0,0.0,0.0,0.0,0.0,0.0,0.0,0.0,0.0,0.0,0.0,0.10384389262949835,0.17313222371846396,0.15381655085734566,0.10384389262949835,0.10384389262949835,0.10384389262949835,0.17313222371846396,0.0,0.0,0.0,0.0
Winter Peak,0.0,0.0,0.0,0.0,0.0,0.0,0.0,0.0,0.0,0.0,0.0,0.0,0.0,0.0,0.0,0.0,0.0,0.0,0.0,0.0,0.0,0.0,0.0,0.0
