Unit: dimensionless (ratio of electricity demand in this hour to annual demand),Hour0,Hour1,Hour2,Hour3,Hour4,Hour5,Hour6,Hour7,Hour8,Hour9,Hour10,Hour11,Hour12,Hour13,Hour14,Hour15,Hour16,Hour17,Hour18,Hour19,Hour20,Hour21,Hour22,Hour23
Winter,0,0,0,0,0.0,0.0,0.0009781397939292676,0.1078077137287664,0.34946741854636587,0.42361459203564455,0.4148983570036202,0.40447646895015327,0.4175751879699247,0.43147103870788056,0.41423698134224435,0.24837092731829577,0.0426796157059315,0.0,0.0,0,0,0,0,0
Spring,0,0,0,0,0.001234971486687734,0.08787821001779811,0.3024227234753549,0.520118230358505,0.632514256656133,0.677345537757437,0.6939132250917147,0.6976453815698666,0.7019269187461407,0.6954978024772076,0.6773319167483925,0.623524390686862,0.4649985470923686,0.18962714757909266,0.018243071446732775,0,0,0,0,0
Summer,0,0,0,0,0.005298572518252148,0.20479641131815055,0.505643638080709,0.6692364970397008,0.7418954996186116,0.7641613090697761,0.7688560168537284,0.7696596563873451,0.7690875740074822,0.7654598452653372,0.7549217246013584,0.722994079401402,0.6330318549998183,0.3980013439395591,0.10033689295703023,0,0,0,0,0
Fall,0,0,0,0,0.0,0.0032526671870934175,0.1895106619006533,0.49731569360559874,0.5969705684977473,0.609974389525727,0.6061876001479106,0.5960598216853609,0.6071531287234481,0.6160962515578563,0.6117890354301055,0.5111823274032077,0.23620526726652696,0.030410726269224975,0.0,0,0,0,0,0
Summer Peak,0,0,0,0,0.012949039264828738,0.2756892230576441,0.6182121971595655,0.7589807852965748,0.844611528822055,0.8654970760233918,0.8600668337510443,0.8475355054302423,0.8266499582289056,0.8028404344193817,0.7807017543859649,0.7243107769423559,0.5363408521303258,0.2940685045948204,0.06390977443609022,0,0,0,0,0
Winter Peak,0,0,0,0,0.0,0.0,0.0,0.0016708437761069341,0.09816207184628237,0.11528822055137845,0.16416040100250626,0.2197159565580618,0.23558897243107768,0.2117794486215539,0.17669172932330826,0.09398496240601503,0.0,0.0,0.0,0,0,0,0,0
