offshore wind,Hour0,Hour1,Hour2,Hour3,Hour4,Hour5,Hour6,Hour7,Hour8,Hour9,Hour10,Hour11,Hour12,Hour13,Hour14,Hour15,Hour16,Hour17,Hour18,Hour19,Hour20,Hour21,Hour22,Hour23
Winter,0.0,0.0,0.0,0.0,0.0,0.0,0.0,0.0,0.0,0.0,0.0,0.0,0.0,0.0,0.0,0.0,0.0,0.0,0.0,0.0,0.0,0.0,0.0,0.0
Spring,0.0,0.0,0.0,0.0,0.0,0.0,0.0,0.0,0.0,0.0,0.0,0.0,0.0,0.0,0.0,0.004761904761904762,0.0,0.0,0.0,0.0,0.0,0.0,0.0,0.0
Summer,0.0,0.0,0.0,0.0,0.0,0.0,0.0,0.0,0.0,0.0,0.0,0.0,0.0,0.0,0.0,0.0,0.0,0.0,0.0,0.0,0.0,0.0,0.0,0.0
Fall,0.0,0.0,0.0,0.0,0.0,0.0,0.0,0.0,0.0,0.0,0.0,0.0,0.0,0.0,0.0,0.0,0.0,0.0,0.0,0.0,0.0,0.0,0.004761904761904762,0.004761904761904762
Summer Peak,0.047619047619047616,0.06190476190476191,0.0761904761904762,0.08095238095238096,0.08095238095238096,0.08571428571428572,0.08571428571428572,0.06666666666666667,0.06190476190476191,0.047619047619047616,0.047619047619047616,0.06190476190476191,0.09523809523809523,0.14761904761904762,0.19047619047619047,0.24761904761904763,0.18095238095238095,0.1285714285714286,0.1,0.14285714285714285,0.27142857142857146,0.29523809523809524,0.21428571428571427,0.1619047619047619
Winter Peak,0.0380952380952381,0.047619047619047616,0.06190476190476191,0.08095238095238096,0.10476190476190476,0.13333333333333333,0.1619047619047619,0.2,0.24761904761904763,0.24285714285714283,0.21904761904761902,0.17142857142857143,0.1,0.047619047619047616,0.01904761904761905,0.014285714285714285,0.023809523809523808,0.0380952380952381,0.06666666666666667,0.10476190476190476,0.13333333333333333,0.1761904761904762,0.24285714285714283,0.3
