solar pv,Hour0,Hour1,Hour2,Hour3,Hour4,Hour5,Hour6,Hour7,Hour8,Hour9,Hour10,Hour11,Hour12,Hour13,Hour14,Hour15,Hour16,Hour17,Hour18,Hour19,Hour20,Hour21,Hour22,Hour23
Winter,0,0,0,0,0.0,0.0,0.0008835581510575446,0.09684052514840095,0.3107030643323546,0.37517091195338,0.3659079052000549,0.35650454985955793,0.3671933706689217,0.37805443747163264,0.3610977763488099,0.2159741474727628,0.03743798562802312,0.0,0.0,0,0,0,0,0
Spring,0,0,0,0,0.0010845118099623292,0.07717178706551793,0.26557780381606905,0.4567509205523332,0.5554534567862208,0.5948228303581621,0.6093720347498993,0.6126494932344179,0.6164093999873388,0.6107635590942997,0.5948108688308462,0.5475588487578186,0.40834660668122036,0.1665243961142525,0.01602047225157588,0,0,0,0,0
Summer,0,0,0,0,0.004051887176402527,0.17324874513879285,0.43510353503523297,0.57975295580614,0.6438958898483998,0.6637716402641768,0.6683927311542257,0.6694721100482517,0.6694889753434707,0.6664658711754368,0.6573923423475304,0.6298007193689893,0.5521444675323794,0.3452325931361488,0.08540163866600751,0,0,0,0,0
Fall,0,0,0,0,0.0,0.0028563865775888255,0.1664221021784647,0.4367264740997651,0.5242401453916603,0.5356596782565891,0.5323342429357328,0.5234403571499352,0.53318213874087,0.5410356984678824,0.5372532412946124,0.4489037010884334,0.2074277865417872,0.026705711139098885,0.0,0,0,0,0,0
Summer Peak,0,0,0,0,0.011371425301516774,0.24210131287100228,0.5428938531046718,0.6665122507372896,0.7417103857957069,0.7600513943465405,0.7552827321233239,0.7442781269928237,0.7259371184419903,0.70502836869404,0.6855868996301565,0.6360661765429061,0.4709970995854044,0.2582414003957358,0.05612348616555053,0,0,0,0,0
Winter Peak,0,0,0,0,0.0,0.0,0.0,0.0014672806840666807,0.08620274018891748,0.10124236720060097,0.14416032720955135,0.19294740995476847,0.20688657645340194,0.18597782670545177,0.15516493234005146,0.08253453847875078,0.0,0.0,0.0,0,0,0,0,0
