natural gas steam turbine,Hour0,Hour1,Hour2,Hour3,Hour4,Hour5,Hour6,Hour7,Hour8,Hour9,Hour10,Hour11,Hour12,Hour13,Hour14,Hour15,Hour16,Hour17,Hour18,Hour19,Hour20,Hour21,Hour22,Hour23
Winter,0.0,0.0,0.0,0.0,0.0,0.0,0.004552353821473247,0.004552353821473247,0.004552353821473247,0.004552353821473247,0.004552353821473247,0.004552353821473247,0.004552353821473247,0.004552353821473247,0.004552353821473247,0.004552353821473247,0.022761769107366246,0.03869500748252262,0.03869500748252262,0.027314122928839498,0.009104707642946495,0.0,0.0,0.0
Spring,0.08534206817409903,0.08534206817409903,0.08534206817409903,0.08534206817409903,0.09103736577711537,0.09103736577711537,0.10432639351748683,0.11001683579432839,0.11571213339734474,0.12520429606903866,0.1394401124134921,0.1394401124134921,0.1422853335519129,0.14892741975901122,0.14892741975901122,0.14929642454829445,0.17358762140071618,0.1970388468249011,0.20457431304815887,0.1865319209826783,0.16294474642559956,0.13469160341455774,0.11476048946708794,0.09008572184685858
Summer,0.23714618497914686,0.23513864712674262,0.23313110927433836,0.23313110927433836,0.23313110927433836,0.23313110927433836,0.24316879853635961,0.25320135343047184,0.27126919410211003,0.3033897997405777,0.358651001544738,0.42562883091715004,0.48735420191869405,0.540818374954718,0.5869044613055628,0.643546808077234,0.7026331139735712,0.708265515569703,0.68923241373118,0.5145098737891954,0.3945915769074734,0.3074408160207488,0.2538226119474563,0.23915372283155112
Fall,0.042911531923723246,0.042911531923723246,0.042911531923723246,0.042911531923723246,0.042911531923723246,0.042911531923723246,0.042911531923723246,0.042911531923723246,0.042911531923723246,0.04577474164764403,0.051501161095485595,0.05436437081940638,0.05722758054332716,0.05759371989421217,0.06290274048204483,0.09749558635366058,0.15066634288918176,0.15423254016680177,0.13208110943825865,0.10050525181793539,0.04721000790311327,0.03862037873135092,0.03862037873135092,0.03862037873135092
Summer Peak,0.0,0.0,0.0,0.0,0.0,0.0,0.0,0.0,0.0,0.0,0.0,0.0,0.0,0.26176034473471177,0.4364161378938795,0.38772692701319084,0.26176034473471177,0.26176034473471177,0.26176034473471177,0.4364161378938795,0.0,0.0,0.0,0.0
Winter Peak,0.0,0.0,0.0,0.0,0.0,0.0,0.0,0.0,0.0,0.0,0.0,0.0,0.0,0.0,0.0,0.0,0.0,0.0,0.0,0.0,0.0,0.0,0.0,0.0
