solar pv dist,Hour0,Hour1,Hour2,Hour3,Hour4,Hour5,Hour6,Hour7,Hour8,Hour9,Hour10,Hour11,Hour12,Hour13,Hour14,Hour15,Hour16,Hour17,Hour18,Hour19,Hour20,Hour21,Hour22,Hour23
Winter,0,0,0,0,0.0,0.0,0.010131987577639749,0.12361024844720493,0.2627950310559006,0.29436335403726716,0.28840838509316763,0.28848602484472063,0.2938198757763975,0.4442701863354038,0.38390527950310543,0.20382763975155288,0.03218944099378882,0.0,0.0,0,0,0,0,0
Spring,0,0,0,0,0.0011354813664596272,0.009520574534161493,0.21397515527950312,0.3361607142857143,0.40728843167701845,0.43071622670807447,0.44243012422360267,0.44334239130434777,0.443643245341615,0.5303474378881988,0.5168769409937888,0.4627135093167701,0.3149650621118013,0.15834627329192544,0.013946040372670805,0,0,0,0,0
Summer,0,0,0,0,0.0034995894909688025,0.023009031198686386,0.3247742200328408,0.3930726600985222,0.4270422824302135,0.44586412151067323,0.4457614942528735,0.44958949096880146,0.4554084564860425,0.5095032840722495,0.4918308702791461,0.4596366995073891,0.38336412151067323,0.197803776683087,0.03888546798029558,0,0,0,0,0
Fall,0,0,0,0,0.0,0.0,0.17371194379391103,0.3297277517564403,0.3734045667447307,0.3853629976580796,0.38078161592505844,0.37485362997658084,0.38826112412178,0.4855825526932086,0.4803132318501172,0.36261709601873526,0.14768735362997656,0.04392564402810305,0.0,0,0,0,0,0
Summer Peak,0,0,0,0,0.0062499999999999995,0.03482142857142857,0.39375,0.48928571428571427,0.5089285714285714,0.5089285714285714,0.50625,0.5026785714285714,0.47678571428571426,0.5616071428571429,0.5446428571428571,0.47500000000000003,0.38392857142857145,0.15,0.024107142857142858,0,0,0,0,0
Winter Peak,0,0,0,0,0.0,0.0,0.0,0.016964285714285713,0.06607142857142857,0.14910714285714285,0.1660714285714286,0.1767857142857143,0.1625,0.23124999999999998,0.14732142857142858,0.033035714285714286,0.0,0.0,0.0,0,0,0,0,0
