Unit: dimensionless (ratio of electricity demand in this hour to annual demand),Hour0,Hour1,Hour2,Hour3,Hour4,Hour5,Hour6,Hour7,Hour8,Hour9,Hour10,Hour11,Hour12,Hour13,Hour14,Hour15,Hour16,Hour17,Hour18,Hour19,Hour20,Hour21,Hour22,Hour23
Winter,0,0,0,0,0.0,0.0,0.009866071428571424,0.12145833333333327,0.25894345238095234,0.2933258928571429,0.288876488095238,0.28766369047619056,0.2938839285714286,0.4462127976190476,0.389642857142857,0.20550595238095257,0.032239583333333335,0.0,0.0,0,0,0,0,0
Spring,0,0,0,0,0.0011354813664596272,0.009520574534161493,0.21397515527950312,0.3361607142857143,0.40728843167701845,0.43071622670807447,0.44243012422360267,0.44334239130434777,0.443643245341615,0.5303474378881988,0.5168769409937888,0.4627135093167701,0.3149650621118013,0.15834627329192544,0.013946040372670805,0,0,0,0,0
Summer,0,0,0,0,0.003794642857142857,0.023874223602484486,0.3301048136645964,0.3991847826086956,0.43262810559006215,0.4509025621118012,0.450388198757764,0.4536975931677019,0.45872476708074517,0.5145283385093167,0.4976805124223601,0.46473214285714287,0.3877232142857143,0.20086374223602482,0.040392080745341626,0,0,0,0,0
Fall,0,0,0,0,0.0,0.0,0.17371194379391103,0.3297277517564403,0.3734045667447307,0.3853629976580796,0.38078161592505844,0.37485362997658084,0.38826112412178,0.4855825526932086,0.4803132318501172,0.36261709601873526,0.14768735362997656,0.04392564402810305,0.0,0,0,0,0,0
Summer Peak,0,0,0,0,0.0062499999999999995,0.03482142857142857,0.39375,0.48928571428571427,0.5089285714285714,0.5089285714285714,0.50625,0.5026785714285714,0.47678571428571426,0.5616071428571429,0.5446428571428571,0.47500000000000003,0.38392857142857145,0.15,0.024107142857142858,0,0,0,0,0
Winter Peak,0,0,0,0,0.0,0.0,0.0,0.016964285714285713,0.06607142857142857,0.14910714285714285,0.1660714285714286,0.1767857142857143,0.1625,0.23124999999999998,0.14732142857142858,0.033035714285714286,0.0,0.0,0.0,0,0,0,0,0
