petroleum,Hour0,Hour1,Hour2,Hour3,Hour4,Hour5,Hour6,Hour7,Hour8,Hour9,Hour10,Hour11,Hour12,Hour13,Hour14,Hour15,Hour16,Hour17,Hour18,Hour19,Hour20,Hour21,Hour22,Hour23
Winter,0.0,0.0,0.0,0.0,0.0,0.0,0.0018059807413825797,0.0018059807413825797,0.0018059807413825797,0.0018059807413825797,0.0018059807413825797,0.0018059807413825797,0.0018059807413825797,0.0018059807413825797,0.0018059807413825797,0.0018059807413825797,0.009029903706912902,0.015350836301751934,0.015350836301751934,0.010835884448295483,0.0036119614827651594,0.0,0.0,0.0
Spring,0.033856360378926614,0.033856360378926614,0.033856360378926614,0.033856360378926614,0.03611576247965376,0.03611576247965376,0.04138770071468375,0.04364517664141197,0.045904578742139115,0.049670248910017686,0.05531779107483607,0.05531779107483607,0.05644652903820019,0.059081535068715725,0.059081535068715725,0.059227924292633245,0.06886457280920431,0.07816799322396313,0.08115741527027899,0.07399975269031135,0.06464239940358293,0.05343399290389733,0.045527048638351796,0.03573823237586644
Summer,0.09407912033210288,0.09328270273337913,0.09248628513465537,0.09248628513465537,0.09248628513465537,0.09248628513465537,0.09646837312827412,0.10044842424823885,0.10761618263675259,0.12035886421633249,0.14228173535460265,0.16885275217135765,0.1933400472400453,0.2145500125994069,0.23283299051793457,0.25530378066913745,0.27874412267965626,0.28097857307812163,0.27342788244265126,0.2041130719961832,0.156539850932777,0.1219659575293581,0.10069488596037587,0.09487553793082662
Fall,0.017023588955655467,0.017023588955655467,0.017023588955655467,0.017023588955655467,0.017023588955655467,0.017023588955655467,0.017023588955655467,0.017023588955655467,0.017023588955655467,0.018159463235802448,0.0204312117960964,0.02156708607624338,0.022702960356390356,0.022848212821882298,0.02495437357151544,0.038677826511193995,0.05977138954993362,0.06118614856382513,0.05239837440156271,0.039871801777537755,0.018728852900530855,0.015321230060089923,0.015321230060089923,0.015321230060089923
Summer Peak,0.0,0.0,0.0,0.0,0.0,0.0,0.0,0.0,0.0,0.0,0.0,0.0,0.0,0.10384389262949835,0.17313222371846396,0.15381655085734566,0.10384389262949835,0.10384389262949835,0.10384389262949835,0.17313222371846396,0.0,0.0,0.0,0.0
Winter Peak,0.0,0.0,0.0,0.0,0.0,0.0,0.0,0.0,0.0,0.0,0.0,0.0,0.0,0.0,0.0,0.0,0.0,0.0,0.0,0.0,0.0,0.0,0.0,0.0
