solar pv,Hour0,Hour1,Hour2,Hour3,Hour4,Hour5,Hour6,Hour7,Hour8,Hour9,Hour10,Hour11,Hour12,Hour13,Hour14,Hour15,Hour16,Hour17,Hour18,Hour19,Hour20,Hour21,Hour22,Hour23
Winter,0,0,0,0,0.0,0.0,0.0006460896326093748,0.07081328969682536,0.22719730268440924,0.2743385213294203,0.267565076227985,0.2606890031704671,0.2685050550075573,0.27644705933620317,0.2640477362786168,0.15792809723591394,0.027376007284968352,0.0,0.0,0,0,0,0,0
Spring,0,0,0,0,0.0007930342060909294,0.05643079801062476,0.19420008235038455,0.33399277014245005,0.40616762959752706,0.4349559375054014,0.44559484124814336,0.44799143726802104,0.4507408168869319,0.4466123741081645,0.43494719080459887,0.40039480706789454,0.29859778756177396,0.1217686530051017,0.011714747941446155,0,0,0,0,0
Summer,0,0,0,0,0.0029628862503765724,0.12668573988342707,0.3181634199871077,0.42393630093577483,0.47083993103668936,0.485373797617621,0.48875290618204614,0.4895421870146126,0.4895545195276214,0.48734391657078474,0.4807090245720228,0.4605330332895418,0.40374797714028493,0.25244654129119026,0.0624487627485718,0,0,0,0,0
Fall,0,0,0,0,0.0,0.0020886930331589695,0.12169385198457783,0.3193501716487792,0.38334332893627926,0.39169370382042423,0.38926202540497795,0.3827584948869946,0.38988203744218947,0.3956248439712538,0.39285897467050246,0.32825459984277283,0.15167868944375887,0.019528180547913644,0.0,0,0,0,0,0
Summer Peak,0,0,0,0,0.008315196896218126,0.17703322424206333,0.39698359375492986,0.48737783098155923,0.5423654233597758,0.5557770312569018,0.5522900132036491,0.5442430484653735,0.5308314405682475,0.5155422075655238,0.5013259031945703,0.4651145618723301,0.34441009079819596,0.18883543919153425,0.04103952016520559,0,0,0,0,0
Winter Peak,0,0,0,0,0.0,0.0,0.0,0.0010729286317700808,0.06303455711649225,0.07403207559213558,0.10541523807141044,0.14109011507776562,0.1512829370795814,0.13599370407685776,0.11346220280968604,0.06035223553706704,0.0,0.0,0.0,0,0,0,0,0
